Registro de cajas,Fecha,Hora
bananos,2-4-2025,19:6:30
bananos,2-4-2025,19:6:30
bananos,2-4-2025,19:6:30
bananos,2-4-2025,19:6:30
bananos,2-4-2025,19:6:31
bananos,2-4-2025,19:6:31
bananos,2-4-2025,19:6:31
bananos,2-4-2025,19:6:31
bananos,2-4-2025,19:6:31
bananos,2-4-2025,19:6:31
bananos,2-4-2025,19:6:31
bananos,2-4-2025,19:6:31
bananos,2-4-2025,19:6:31
bananos,2-4-2025,19:6:31
bananos,2-4-2025,19:6:31
bananos,2-4-2025,19:6:31
bananos,2-4-2025,19:6:31
bananos,2-4-2025,19:6:31
bananos,2-4-2025,19:6:31
bananos,2-4-2025,19:6:32
bananos,2-4-2025,19:6:32
bananos,2-4-2025,19:6:32
bananos,2-4-2025,19:6:39
bananos,2-4-2025,19:6:39
bananos,2-4-2025,19:6:39
bananos,2-4-2025,19:6:39
bananos,2-4-2025,19:6:39
bananos,2-4-2025,19:6:39
bananos,2-4-2025,19:6:40
bananos,2-4-2025,19:6:40
bananos,2-4-2025,19:6:40
bananos,2-4-2025,19:6:43
bananos,2-4-2025,19:6:43
bananos,2-4-2025,19:6:43
bananos,2-4-2025,19:6:43
bananos,2-4-2025,19:6:43
bananos,2-4-2025,19:6:43
bananos,2-4-2025,19:6:44
bananos,2-4-2025,19:6:44
bananos,2-4-2025,19:6:44
bananos,2-4-2025,19:6:44
bananos,2-4-2025,19:6:44
bananos,2-4-2025,19:6:44
bananos,2-4-2025,19:6:44
bananos,2-4-2025,19:6:44
dispositivos medicos,2-4-2025,19:6:50
dispositivos medicos,2-4-2025,19:6:50
dispositivos medicos,2-4-2025,19:6:50
dispositivos medicos,2-4-2025,19:6:50
dispositivos medicos,2-4-2025,19:6:50
dispositivos medicos,2-4-2025,19:6:50
dispositivos medicos,2-4-2025,19:6:50
dispositivos medicos,2-4-2025,19:6:50
dispositivos medicos,2-4-2025,19:6:50
dispositivos medicos,2-4-2025,19:6:52
dispositivos medicos,2-4-2025,19:6:52
dispositivos medicos,2-4-2025,19:6:53
dispositivos medicos,2-4-2025,19:6:53
dispositivos medicos,2-4-2025,19:6:53
dispositivos medicos,2-4-2025,19:6:53
dispositivos medicos,2-4-2025,19:6:53
dispositivos medicos,2-4-2025,19:6:53
dispositivos medicos,2-4-2025,19:6:53
Cafe,2-4-2025,19:7:1
Cafe,2-4-2025,19:7:1
Cafe,2-4-2025,19:7:1
Cafe,2-4-2025,19:7:1
Cafe,2-4-2025,19:7:1
Cafe,2-4-2025,19:7:1
Cafe,2-4-2025,19:7:1
Cafe,2-4-2025,19:7:1
Cafe,2-4-2025,19:7:1
Cafe,2-4-2025,19:7:1
Cafe,2-4-2025,19:7:1
Cafe,2-4-2025,19:7:1
Cafe,2-4-2025,19:7:1
Cafe,2-4-2025,19:7:1
Cafe,2-4-2025,19:7:1
Cafe,2-4-2025,19:7:1
Cafe,2-4-2025,19:7:2
